source,target
ab-experiments/google-optimize-context/index,ab-experiments/google-optimize-context/context
ab-experiments/index,ab-experiments/google-optimize-context/index
ab-experiments/index,ab-experiments/triple-ab-experiment-context/index
ab-experiments/triple-ab-experiment-context/context,ab-experiments/triple-ab-experiment-context/service
ab-experiments/triple-ab-experiment-context/context,react-contexts/index
ab-experiments/triple-ab-experiment-context/index,ab-experiments/triple-ab-experiment-context/context
ab-experiments/triple-ab-experiment-context/index,ab-experiments/triple-ab-experiment-context/service
ab-experiments/triple-ab-experiment-context/service,fetcher/index
action-sheet/components/action-sheet,core-elements/index
action-sheet/components/action-sheet,color-palette/index
action-sheet/index,action-sheet/components/action-item
action-sheet/index,action-sheet/components/action-sheet
ad-banners/api,ad-banners/typing
ad-banners/api,fetcher/index
ad-banners/content-details-banner,ad-banners/api
ad-banners/content-details-banner,ad-banners/typing
ad-banners/content-details-banner,ad-banners/vertical-list-view
ad-banners/content-details-banner,core-elements/index
ad-banners/content-details-banner,react-contexts/index
ad-banners/content-details-banner,router/index
ad-banners/horizontal-entity,ad-banners/typing
ad-banners/horizontal-list-view,ad-banners/horizontal-entity
ad-banners/horizontal-list-view,ad-banners/list-section
ad-banners/horizontal-list-view,ad-banners/typing
ad-banners/horizontal-list-view,core-elements/index
ad-banners/horizontal-list-view,intersection-observer/index
ad-banners/index,ad-banners/content-details-banner
ad-banners/index,ad-banners/list-top-banners
ad-banners/index,ad-banners/typing
ad-banners/list-section,core-elements/index
ad-banners/list-top-banners,ad-banners/api
ad-banners/list-top-banners,ad-banners/horizontal-list-view
ad-banners/list-top-banners,ad-banners/typing
ad-banners/list-top-banners,ad-banners/vertical-list-view
ad-banners/list-top-banners,core-elements/index
ad-banners/list-top-banners,react-contexts/index
ad-banners/list-top-banners,router/index
ad-banners/vertical-entity,ad-banners/typing
ad-banners/vertical-entity,core-elements/index
ad-banners/vertical-entity,intersection-observer/index
ad-banners/vertical-list-view,ad-banners/list-section
ad-banners/vertical-list-view,ad-banners/typing
ad-banners/vertical-list-view,ad-banners/vertical-entity
ad-banners/vertical-list-view,core-elements/index
app-banner/index,core-elements/index
app-installation-cta/app-installation-cta,app-installation-cta/elements
app-installation-cta/app-installation-cta,app-installation-cta/image-banner
app-installation-cta/app-installation-cta,app-installation-cta/text-banner
app-installation-cta/app-installation-cta,core-elements/index
app-installation-cta/article-card-cta/article-card-cta,core-elements/index
app-installation-cta/article-card-cta/article-card-cta,react-contexts/index
app-installation-cta/article-card-cta/article-card-cta,intersection-observer/index
app-installation-cta/article-card-cta/article-card-cta,type-definitions/index
app-installation-cta/article-card-cta/index,app-installation-cta/article-card-cta/article-card-cta
app-installation-cta/banner-cta,app-installation-cta/elements
app-installation-cta/banner-cta,app-installation-cta/image-banner
app-installation-cta/banner-cta,app-installation-cta/interfaces
app-installation-cta/banner-cta,app-installation-cta/service
app-installation-cta/banner-cta,app-installation-cta/text-banner
app-installation-cta/banner-cta,core-elements/index
app-installation-cta/banner-cta,type-definitions/index
app-installation-cta/chatbot-cta,app-installation-cta/constants
app-installation-cta/chatbot-cta,app-installation-cta/elements
app-installation-cta/chatbot-cta,app-installation-cta/interfaces
app-installation-cta/chatbot-cta,core-elements/index
app-installation-cta/chatbot-cta,type-definitions/index
app-installation-cta/chatbot-cta,web-storage/index
app-installation-cta/elements,core-elements/index
app-installation-cta/elements,color-palette/index
app-installation-cta/floating-button-cta,app-installation-cta/constants
app-installation-cta/floating-button-cta,app-installation-cta/elements
app-installation-cta/floating-button-cta,app-installation-cta/interfaces
app-installation-cta/floating-button-cta,core-elements/index
app-installation-cta/floating-button-cta,web-storage/index
app-installation-cta/image-banner,app-installation-cta/elements
app-installation-cta/image-banner,app-installation-cta/interfaces
app-installation-cta/index,app-installation-cta/app-installation-cta
app-installation-cta/index,app-installation-cta/banner-cta
app-installation-cta/index,app-installation-cta/chatbot-cta
app-installation-cta/index,app-installation-cta/constants
app-installation-cta/index,app-installation-cta/floating-button-cta
app-installation-cta/index,app-installation-cta/image-banner
app-installation-cta/index,app-installation-cta/service
app-installation-cta/index,app-installation-cta/text-banner
app-installation-cta/index,app-installation-cta/article-card-cta/index
app-installation-cta/interfaces,type-definitions/index
app-installation-cta/service,type-definitions/index
app-installation-cta/text-banner,app-installation-cta/elements
app-installation-cta/text-banner,app-installation-cta/interfaces
author/author-intro,core-elements/index
author/author-intro,color-palette/index
author/index,author/author-intro
author/index,core-elements/index
author/index,type-definitions/index
booking-completion/index,core-elements/index
booking-completion/index,type-definitions/index
booking-completion/index,ui-flow/index
booking-completion/index,modals/index
booking-completion/index,router/index
carousel/carousel-item,type-definitions/index
carousel/carousel-item,intersection-observer/index
carousel/carousel,carousel/carousel-item
carousel/carousel,react-contexts/index
carousel/carousel,icons/index
carousel/carousel,core-elements/index
carousel/index,carousel/carousel
color-palette/get-color,color-palette/colors
color-palette/index,color-palette/colors
color-palette/index,color-palette/get-color
constants/index,constants/regex
content-sharing/index,core-elements/index
core-elements/elements/accordion,core-elements/elements/container
core-elements/elements/accordion,core-elements/mixins/index
core-elements/elements/button/button-base,core-elements/commons
core-elements/elements/button/button-base,core-elements/utils/unit
core-elements/elements/button/button-base,core-elements/mixins/index
core-elements/elements/button/button-base,color-palette/index
core-elements/elements/button/button-container,core-elements/elements/container
core-elements/elements/button/button-container,core-elements/elements/button/button-base
core-elements/elements/button/button-container,core-elements/mixins/index
core-elements/elements/button/button-group,core-elements/elements/container
core-elements/elements/button/button-group,core-elements/elements/button/button-base
core-elements/elements/button/button-group,core-elements/mixins/index
core-elements/elements/button/button,core-elements/commons
core-elements/elements/button/button,core-elements/elements/button/button-base
core-elements/elements/button/button,core-elements/elements/button/button-container
core-elements/elements/button/button,core-elements/elements/button/button-group
core-elements/elements/button/button,core-elements/mixins/index
core-elements/elements/button/button,color-palette/index
core-elements/elements/button/index,core-elements/elements/button/button
core-elements/elements/button/index,core-elements/mixins/index
core-elements/elements/carousel,core-elements/commons
core-elements/elements/carousel,core-elements/mixins/index
core-elements/elements/carousel,intersection-observer/index
core-elements/elements/checkbox,core-elements/commons
core-elements/elements/checkbox,core-elements/utils/form-field
core-elements/elements/checkbox,core-elements/mixins/index
core-elements/elements/checkbox,color-palette/index
core-elements/elements/container,core-elements/commons
core-elements/elements/container,core-elements/css
core-elements/elements/container,core-elements/mixins/index
core-elements/elements/container,color-palette/index
core-elements/elements/content-elements,core-elements/elements/list
core-elements/elements/content-elements,core-elements/mixins/index
core-elements/elements/drawer,core-elements/elements/container
core-elements/elements/drawer,core-elements/mixins/index
core-elements/elements/flex-box,core-elements/elements/container
core-elements/elements/flex-box,core-elements/mixins/index
core-elements/elements/gender-selector,core-elements/utils/form-field
core-elements/elements/gender-selector,core-elements/elements/container
core-elements/elements/gender-selector,core-elements/mixins/index
core-elements/elements/gender-selector,color-palette/index
core-elements/elements/hr,core-elements/commons
core-elements/elements/hr,core-elements/mixins/index
core-elements/elements/icon,core-elements/commons
core-elements/elements/icon,core-elements/mixins/index
core-elements/elements/image-source,core-elements/utils/format-source-url
core-elements/elements/image/circular,core-elements/commons
core-elements/elements/image/circular,color-palette/index
core-elements/elements/image/fixed-dimensions-frame,core-elements/commons
core-elements/elements/image/fixed-dimensions-frame,core-elements/elements/image/context
core-elements/elements/image/fixed-dimensions-frame,core-elements/mixins/index
core-elements/elements/image/fixed-ratio-frame,core-elements/commons
core-elements/elements/image/fixed-ratio-frame,core-elements/elements/image/context
core-elements/elements/image/fixed-ratio-frame,core-elements/mixins/index
core-elements/elements/image/image,core-elements/elements/image/circular
core-elements/elements/image/image,core-elements/elements/image/context
core-elements/elements/image/image,core-elements/elements/image/fixed-dimensions-frame
core-elements/elements/image/image,core-elements/elements/image/fixed-ratio-frame
core-elements/elements/image/image,core-elements/elements/image/img
core-elements/elements/image/image,core-elements/elements/image/link-indicator
core-elements/elements/image/image,core-elements/elements/image/optimized-img
core-elements/elements/image/image,core-elements/elements/image/overlay
core-elements/elements/image/image,core-elements/elements/image/placeholder
core-elements/elements/image/image,core-elements/elements/image/source-url
core-elements/elements/image/image,core-elements/mixins/index
core-elements/elements/image/img,core-elements/elements/image/context
core-elements/elements/image/img,core-elements/elements/image/fixed-ratio-frame
core-elements/elements/image/img,core-elements/mixins/index
core-elements/elements/image/index,core-elements/elements/image/circular
core-elements/elements/image/index,core-elements/elements/image/fixed-dimensions-frame
core-elements/elements/image/index,core-elements/elements/image/fixed-ratio-frame
core-elements/elements/image/index,core-elements/elements/image/image
core-elements/elements/image/index,core-elements/elements/image/img
core-elements/elements/image/index,core-elements/elements/image/link-indicator
core-elements/elements/image/index,core-elements/elements/image/optimized-img
core-elements/elements/image/index,core-elements/elements/image/overlay
core-elements/elements/image/index,core-elements/elements/image/placeholder
core-elements/elements/image/index,core-elements/elements/image/source-url
core-elements/elements/image/index,core-elements/mixins/index
core-elements/elements/image/link-indicator,core-elements/elements/icon
core-elements/elements/image/optimized-img,core-elements/elements/image/context
core-elements/elements/image/optimized-img,core-elements/elements/image/fixed-ratio-frame
core-elements/elements/image/optimized-img,core-elements/elements/image/placeholder
core-elements/elements/image/optimized-img,core-elements/mixins/index
core-elements/elements/image/optimized-img,intersection-observer/index
core-elements/elements/image/overlay,core-elements/commons
core-elements/elements/image/overlay,core-elements/elements/image/context
core-elements/elements/image/overlay,core-elements/mixins/index
core-elements/elements/image/placeholder,core-elements/elements/image/fixed-ratio-frame
core-elements/elements/image/placeholder,core-elements/mixins/index
core-elements/elements/image/placeholder,color-palette/index
core-elements/elements/input,core-elements/utils/form-field
core-elements/elements/input,core-elements/mixins/index
core-elements/elements/input,color-palette/index
core-elements/elements/label,core-elements/commons
core-elements/elements/label,core-elements/elements/container
core-elements/elements/label,core-elements/mixins/index
core-elements/elements/list,core-elements/commons
core-elements/elements/list,core-elements/mixins/index
core-elements/elements/navbar,core-elements/commons
core-elements/elements/navbar,core-elements/utils/unit
core-elements/elements/navbar,core-elements/mixins/index
core-elements/elements/navbar,color-palette/index
core-elements/elements/navbar,triple-fallback-action/index
core-elements/elements/numeric-spinner,core-elements/commons
core-elements/elements/numeric-spinner,core-elements/elements/text
core-elements/elements/numeric-spinner,core-elements/mixins/index
core-elements/elements/radio,core-elements/utils/form-field
core-elements/elements/radio,core-elements/elements/text
core-elements/elements/radio,core-elements/mixins/index
core-elements/elements/radio,color-palette/index
core-elements/elements/rating,core-elements/commons
core-elements/elements/search-navbar,core-elements/elements/navbar
core-elements/elements/search-navbar,core-elements/mixins/index
core-elements/elements/search-navbar,color-palette/index
core-elements/elements/section,core-elements/elements/container
core-elements/elements/section,core-elements/elements/hr
core-elements/elements/section,core-elements/mixins/index
core-elements/elements/segment,core-elements/commons
core-elements/elements/segment,core-elements/mixins/box
core-elements/elements/segment,core-elements/mixins/index
core-elements/elements/select,core-elements/utils/form-field
core-elements/elements/select,core-elements/mixins/index
core-elements/elements/select,color-palette/index
core-elements/elements/skeleton,core-elements/elements/container
core-elements/elements/skeleton,core-elements/mixins/index
core-elements/elements/skeleton,color-palette/index
core-elements/elements/spinner/rolling-spinner,core-elements/elements/container
core-elements/elements/spinner/rolling-spinner,core-elements/mixins/index
core-elements/elements/spinner/rolling-spinner,triple-fallback-action/index
core-elements/elements/spinner/spinner,core-elements/mixins/index
core-elements/elements/spinner/spinner,triple-fallback-action/index
core-elements/elements/stack,core-elements/elements/container
core-elements/elements/stack,core-elements/mixins/index
core-elements/elements/sticky-header,core-elements/css
core-elements/elements/sticky-header,core-elements/elements/container
core-elements/elements/sticky-header,core-elements/mixins/index
core-elements/elements/table,core-elements/commons
core-elements/elements/table,core-elements/elements/text
core-elements/elements/table,core-elements/mixins/index
core-elements/elements/tabs/basic-tab,core-elements/elements/tabs/tab-container
core-elements/elements/tabs/basic-tab,core-elements/elements/tabs/tab-label
core-elements/elements/tabs/basic-tab,core-elements/elements/tabs/types
core-elements/elements/tabs/basic-tab,core-elements/mixins/index
core-elements/elements/tabs/basic-tab,color-palette/index
core-elements/elements/tabs/index,core-elements/commons
core-elements/elements/tabs/index,core-elements/elements/tabs/basic-tab
core-elements/elements/tabs/index,core-elements/elements/tabs/pointing-tab
core-elements/elements/tabs/index,core-elements/elements/tabs/types
core-elements/elements/tabs/index,core-elements/mixins/index
core-elements/elements/tabs/pointing-tab,core-elements/commons
core-elements/elements/tabs/pointing-tab,core-elements/elements/tabs/tab-container
core-elements/elements/tabs/pointing-tab,core-elements/elements/tabs/tab-label
core-elements/elements/tabs/pointing-tab,core-elements/elements/tabs/types
core-elements/elements/tabs/pointing-tab,core-elements/mixins/index
core-elements/elements/tabs/tab-label,core-elements/commons
core-elements/elements/tabs/tab-label,core-elements/mixins/index
core-elements/elements/tag,core-elements/commons
core-elements/elements/tag,core-elements/mixins/index
core-elements/elements/text,core-elements/commons
core-elements/elements/text,core-elements/css
core-elements/elements/text,core-elements/mixins/index
core-elements/elements/text,color-palette/index
core-elements/elements/textarea,core-elements/commons
core-elements/elements/textarea,core-elements/utils/form-field
core-elements/elements/textarea,core-elements/mixins/index
core-elements/elements/tooltip,color-palette/index
core-elements/elements/typography,core-elements/commons
core-elements/elements/typography,core-elements/elements/container
core-elements/elements/typography,core-elements/elements/text
core-elements/elements/typography,core-elements/mixins/index
core-elements/elements/video/context,core-elements/commons
core-elements/elements/video/controls,core-elements/elements/video/mute-unmute-button
core-elements/elements/video/controls,core-elements/elements/video/play-pause-button
core-elements/elements/video/controls,core-elements/elements/video/seeker
core-elements/elements/video/controls,core-elements/elements/video/use-video-control
core-elements/elements/video/controls,core-elements/elements/video/utils
core-elements/elements/video/controls,view-utilities/index
core-elements/elements/video/controls,color-palette/index
core-elements/elements/video/index,core-elements/elements/video/video-element
core-elements/elements/video/index,core-elements/elements/video/video-frame
core-elements/elements/video/index,core-elements/elements/video/video
core-elements/elements/video/index,core-elements/mixins/index
core-elements/elements/video/mute-unmute-button,view-utilities/index
core-elements/elements/video/play-pause-button,view-utilities/index
core-elements/elements/video/seeker,view-utilities/index
core-elements/elements/video/seeker,color-palette/index
core-elements/elements/video/sources,core-elements/commons
core-elements/elements/video/use-video-control,core-elements/elements/video/utils
core-elements/elements/video/video-element,core-elements/elements/video/context
core-elements/elements/video/video-element,core-elements/elements/video/controls
core-elements/elements/video/video-element,core-elements/elements/video/sources
core-elements/elements/video/video-element,core-elements/elements/video/use-video-ref
core-elements/elements/video/video-frame,core-elements/commons
core-elements/elements/video/video-frame,core-elements/elements/video/context
core-elements/elements/video/video-frame,core-elements/mixins/index
core-elements/elements/video/video,core-elements/commons
core-elements/elements/video/video,core-elements/elements/video/video-element
core-elements/elements/video/video,core-elements/elements/video/video-frame
core-elements/elements/video/video,core-elements/mixins/index
core-elements/hocs/index,core-elements/hocs/long-clickable
core-elements/index,core-elements/commons
core-elements/index,core-elements/elements/accordion
core-elements/index,core-elements/elements/carousel
core-elements/index,core-elements/elements/checkbox
core-elements/index,core-elements/elements/container
core-elements/index,core-elements/elements/content-elements
core-elements/index,core-elements/elements/drawer
core-elements/index,core-elements/elements/flex-box
core-elements/index,core-elements/elements/gender-selector
core-elements/index,core-elements/elements/hr
core-elements/index,core-elements/elements/icon
core-elements/index,core-elements/elements/image-source
core-elements/index,core-elements/elements/input
core-elements/index,core-elements/elements/label
core-elements/index,core-elements/elements/list
core-elements/index,core-elements/elements/navbar
core-elements/index,core-elements/elements/numeric-spinner
core-elements/index,core-elements/elements/radio
core-elements/index,core-elements/elements/rating
core-elements/index,core-elements/elements/responsive
core-elements/index,core-elements/elements/search-navbar
core-elements/index,core-elements/elements/section
core-elements/index,core-elements/elements/segment
core-elements/index,core-elements/elements/select
core-elements/index,core-elements/elements/skeleton
core-elements/index,core-elements/elements/spinner/rolling-spinner
core-elements/index,core-elements/elements/spinner/spinner
core-elements/index,core-elements/elements/stack
core-elements/index,core-elements/elements/sticky-header
core-elements/index,core-elements/elements/table
core-elements/index,core-elements/elements/tag
core-elements/index,core-elements/elements/text
core-elements/index,core-elements/elements/textarea
core-elements/index,core-elements/elements/tooltip
core-elements/index,core-elements/elements/typography
core-elements/index,core-elements/global-style
core-elements/index,core-elements/utils/form-field
core-elements/index,core-elements/utils/format-source-url
core-elements/index,core-elements/elements/image/index
core-elements/index,core-elements/elements/button/index
core-elements/index,core-elements/elements/tabs/index
core-elements/index,core-elements/elements/video/index
core-elements/index,core-elements/mixins/index
core-elements/index,core-elements/hocs/index
core-elements/mixins/box,core-elements/commons
core-elements/mixins/index,core-elements/mixins/border-radius
core-elements/mixins/index,core-elements/mixins/box
core-elements/mixins/index,core-elements/mixins/centered
core-elements/mixins/index,core-elements/mixins/clearing
core-elements/mixins/index,core-elements/mixins/ellipsis
core-elements/mixins/index,core-elements/mixins/horizontal-scroll
core-elements/mixins/index,core-elements/mixins/layering
core-elements/mixins/index,core-elements/mixins/margin-padding
core-elements/mixins/index,core-elements/mixins/max-lines
core-elements/mixins/index,core-elements/mixins/positioning
core-elements/mixins/index,core-elements/mixins/safe-area
core-elements/mixins/index,core-elements/mixins/text-style
core-elements/mixins/margin-padding,core-elements/commons
core-elements/mixins/margin-padding,core-elements/utils/unit
core-elements/mixins/positioning,core-elements/commons
core-elements/mixins/positioning,core-elements/utils/unit
core-elements/mixins/safe-area,core-elements/commons
core-elements/mixins/safe-area,core-elements/utils/unit
core-elements/mixins/text-style,core-elements/commons
core-elements/utils/form-field,core-elements/elements/container
core-elements/utils/form-field,core-elements/elements/text
core-elements/utils/form-field,core-elements/mixins/index
core-elements/utils/form-field,color-palette/index
date-picker/constants,date-picker/utils
date-picker/day-picker,date-picker/constants
date-picker/day-picker,date-picker/picker-frame
date-picker/day-picker,date-picker/use-disabled-days
date-picker/day-picker,date-picker/use-public-holidays
date-picker/index,date-picker/day-picker
date-picker/index,date-picker/mixins
date-picker/index,date-picker/picker-frame
date-picker/index,date-picker/range-picker
date-picker/index,date-picker/utils
date-picker/index,date-picker/range-picker-v2/index
date-picker/picker-frame,date-picker/mixins
date-picker/range-picker-v2/index,date-picker/range-picker-v2/picker-frame
date-picker/range-picker-v2/index,date-picker/range-picker-v2/range-picker
date-picker/range-picker-v2/picker-frame,date-picker/mixins
date-picker/range-picker-v2/range-picker,date-picker/constants
date-picker/range-picker-v2/range-picker,date-picker/mixins
date-picker/range-picker-v2/range-picker,date-picker/use-disabled-days
date-picker/range-picker-v2/range-picker,date-picker/use-public-holidays
date-picker/range-picker-v2/range-picker,date-picker/utils
date-picker/range-picker-v2/range-picker,date-picker/range-picker-v2/picker-frame
date-picker/range-picker,date-picker/constants
date-picker/range-picker,date-picker/mixins
date-picker/range-picker,date-picker/picker-frame
date-picker/range-picker,date-picker/use-disabled-days
date-picker/range-picker,date-picker/use-public-holidays
date-picker/range-picker,date-picker/utils
date-picker/service,fetcher/index
date-picker/use-public-holidays,date-picker/service
directions-finder/ask-to-the-local,core-elements/index
directions-finder/ask-to-the-local,popup/index
directions-finder/direction-buttons,directions-finder/ask-to-the-local
directions-finder/direction-buttons,directions-finder/constants
directions-finder/direction-buttons,react-contexts/index
directions-finder/direction-buttons,react-triple-client-interfaces/index
directions-finder/direction-buttons,core-elements/index
directions-finder/direction-buttons,i18n/index
directions-finder/index,directions-finder/direction-buttons
drawer-button/index,core-elements/index
fetcher/auth-guarded-methods,fetcher/factories
fetcher/auth-guarded-methods,fetcher/fetcher
fetcher/auth-guarded-methods,fetcher/methods
fetcher/factories,fetcher/types
fetcher/factories,view-utilities/index
fetcher/fetcher,fetcher/make-request-params
fetcher/fetcher,fetcher/safe-parse-json
fetcher/fetcher,fetcher/types
fetcher/index,fetcher/add-fetchers-to-gssp
fetcher/index,fetcher/auth-guarded-methods
fetcher/index,fetcher/factories
fetcher/index,fetcher/fetcher
fetcher/index,fetcher/methods
fetcher/index,fetcher/response-handler
fetcher/index,fetcher/types
fetcher/make-request-params,fetcher/types
fetcher/methods,fetcher/fetcher
fetcher/methods,fetcher/types
fetcher/response-handler,fetcher/types
footer/default-footer,core-elements/index
footer/default-footer,react-contexts/index
footer/index,footer/default-footer
footer/index,footer/logo-footer
form/action-sheet-selector/action-sheet,form/action-sheet-selector/types
form/action-sheet-selector/action-sheet,action-sheet/index
form/action-sheet-selector/action-sheet,drawer-button/index
form/action-sheet-selector/index,form/arrow-down
form/action-sheet-selector/index,form/action-sheet-selector/action-sheet
form/action-sheet-selector/index,form/action-sheet-selector/types
form/action-sheet-selector/index,core-elements/index
form/action-sheet-selector/index,color-palette/index
form/checkbox/index,core-elements/index
form/confirm-checkbox/index,form/with-field
form/confirm-checkbox/index,color-palette/index
form/confirm-checkbox/index,core-elements/index
form/gender-radio/index,form/with-field
form/gender-radio/index,color-palette/index
form/gender-radio/index,core-elements/index
form/index,form/input/index
form/index,form/select/index
form/index,form/action-sheet-selector/index
form/index,form/textarea/index
form/index,form/radio/index
form/index,form/confirm-checkbox/index
form/index,form/gender-radio/index
form/index,form/checkbox/index
form/input/index,form/with-field
form/input/index,color-palette/index
form/radio/index,form/with-field
form/select/index,form/arrow-down
form/select/index,form/with-field
form/select/index,color-palette/index
form/textarea/index,form/with-field
form/textarea/index,color-palette/index
form/with-field,color-palette/index
form/with-field,core-elements/index
hub-form/cell,core-elements/index
hub-form/cta,core-elements/index
hub-form/hub-form,core-elements/index
hub-form/index,hub-form/cell
hub-form/index,hub-form/cta
hub-form/index,hub-form/hub-form
i18n/backend,fetcher/index
i18n/i18next,i18n/backend
i18n/i18next,i18n/i18next
i18n/index,i18n/use-i18n
i18n/index,i18n/with-i18n
i18n/provider,i18n/i18next
i18n/with-i18n,i18n/use-i18n
icons/arrow-icon,icons/base
icons/arrow-icon,icons/types
icons/arrow-icon,color-palette/index
icons/back,icons/base
icons/back,icons/types
icons/back,color-palette/index
icons/close,icons/base
icons/close,icons/types
icons/close,color-palette/index
icons/index,icons/arrow-icon
icons/index,icons/back
icons/index,icons/close
icons/index,icons/search-place
icons/index,icons/search
icons/search-place,icons/base
icons/search-place,icons/types
icons/search-place,color-palette/index
icons/search,icons/base
icons/search,icons/types
icons/search,color-palette/index
image-carousel/carousel,core-elements/index
image-carousel/index,image-carousel/carousel
image-carousel/index,core-elements/index
image-carousel/index,type-definitions/index
intersection-observer/index,intersection-observer/lazy-loaded-intersection-observer
intersection-observer/index,intersection-observer/static-intersection-observer
intersection-observer/index,intersection-observer/use-intersection
intersection-observer/lazy-loaded-intersection-observer,intersection-observer/intersection-observer.d
intersection-observer/static-intersection-observer,intersection-observer/intersection-observer.d
intersection-observer/use-intersection,intersection-observer/intersection-observer.d
listing-filter/index,core-elements/index
listing-filter/index,color-palette/index
location-properties/index,location-properties/location-properties
location-properties/location-properties,location-properties/property-item
location-properties/location-properties,core-elements/index
location-properties/location-properties,action-sheet/index
location-properties/location-properties,i18n/index
location-properties/location-properties,react-contexts/index
location-properties/location-properties,type-definitions/index
location-properties/property-item,core-elements/index
location-properties/property-item,react-contexts/index
location-properties/property-item,react-triple-client-interfaces/index
map/focus-tracker,type-definitions/index
map/index,map/focus-tracker
map/index,map/map-view
map/index,map/utilities
map/index,map/overlay/index
map/map-view,map/utilities
map/map-view,core-elements/index
map/overlay/index,map/overlay/polygon
map/overlay/index,map/overlay/polyline
map/overlay/index,map/overlay/markers/index
map/overlay/markers/flexible-marker,map/overlay/markers/primary-marker/index
map/overlay/markers/index,map/overlay/markers/flexible-marker
map/overlay/markers/index,map/overlay/markers/poi-dot-marker
map/overlay/markers/index,map/overlay/markers/primary-marker/index
map/overlay/markers/poi-dot-marker,map/overlay/markers/primary-marker/circle-marker/circle-marker-base
map/overlay/markers/poi-dot-marker,map/overlay/markers/primary-marker/index
map/overlay/markers/primary-marker/circle-marker/index,map/overlay/markers/primary-marker/circle-marker/circle-marker-base
map/overlay/markers/primary-marker/index,map/overlay/markers/primary-marker/bubble-marker
map/overlay/markers/primary-marker/index,map/overlay/markers/primary-marker/dot-marker
map/overlay/markers/primary-marker/index,map/overlay/markers/primary-marker/pin-marker/index
map/overlay/markers/primary-marker/index,map/overlay/markers/primary-marker/circle-marker/index
map/overlay/markers/primary-marker/pin-marker/index,map/overlay/markers/primary-marker/pin-marker/pin-marker
map/overlay/markers/primary-marker/pin-marker/index,map/overlay/markers/primary-marker/circle-marker/index
map/overlay/markers/primary-marker/pin-marker/pin-marker,map/overlay/markers/primary-marker/circle-marker/index
meta-tags/apple-smart-banner-meta,react-contexts/index
meta-tags/essential-content-meta,react-contexts/index
meta-tags/facebook-app-link-meta,react-contexts/index
meta-tags/facebook-open-graph-meta,react-contexts/index
meta-tags/index,meta-tags/apple-smart-banner-meta
meta-tags/index,meta-tags/common-meta
meta-tags/index,meta-tags/essential-content-meta
meta-tags/index,meta-tags/facebook-app-link-meta
meta-tags/index,meta-tags/facebook-open-graph-meta
modals/actions,modals/modal-base
modals/body,core-elements/index
modals/index,modals/login-cta-modal
modals/index,modals/modal-base
modals/index,modals/modals
modals/index,modals/transition-modal
modals/login-cta-modal,modals/modals
modals/login-cta-modal,react-contexts/index
modals/modal-base,core-elements/index
modals/modals,modals/actions
modals/modals,modals/body
modals/modals,modals/modal-base
modals/transition-modal,modals/actions
modals/transition-modal,modals/modal-base
modals/transition-modal,core-elements/index
modals/transition-modal,react-contexts/index
nearby-pois/index,nearby-pois/nearby-pois
nearby-pois/nearby-pois,nearby-pois/poi-entry
nearby-pois/nearby-pois,nearby-pois/reducer
nearby-pois/nearby-pois,nearby-pois/service
nearby-pois/nearby-pois,nearby-pois/types
nearby-pois/nearby-pois,i18n/index
nearby-pois/nearby-pois,core-elements/index
nearby-pois/nearby-pois,react-contexts/index
nearby-pois/nearby-pois,type-definitions/index
nearby-pois/poi-entry,nearby-pois/types
nearby-pois/poi-entry,core-elements/index
nearby-pois/poi-entry,intersection-observer/index
nearby-pois/poi-entry,poi-list-elements/index
nearby-pois/poi-entry,react-contexts/index
nearby-pois/poi-entry,router/index
nearby-pois/reducer,nearby-pois/types
nearby-pois/service,nearby-pois/types
nearby-pois/service,view-utilities/index
nearby-pois/service,fetcher/index
nearby-pois/types,type-definitions/index
poi-detail/actions,core-elements/index
poi-detail/actions,i18n/index
poi-detail/area-names,core-elements/index
poi-detail/copy-action-sheet-item,action-sheet/index
poi-detail/copy-action-sheet-item,i18n/index
poi-detail/copy-action-sheet,poi-detail/copy-action-sheet-item
poi-detail/copy-action-sheet,action-sheet/index
poi-detail/copy-action-sheet,type-definitions/index
poi-detail/detail-header-v2/index,poi-detail/area-names
poi-detail/detail-header-v2/index,poi-detail/constants
poi-detail/detail-header-v2/index,poi-detail/copy-action-sheet
poi-detail/detail-header-v2/index,core-elements/index
poi-detail/detail-header-v2/index,react-contexts/index
poi-detail/detail-header-v2/index,react-triple-client-interfaces/index
poi-detail/detail-header-v2/index,view-utilities/index
poi-detail/detail-header-v2/index,type-definitions/index
poi-detail/detail-header/business-hours-note,poi-detail/detail-header/business-hours-icons
poi-detail/detail-header/business-hours-note,core-elements/index
poi-detail/detail-header/index,poi-detail/area-names
poi-detail/detail-header/index,poi-detail/constants
poi-detail/detail-header/index,poi-detail/copy-action-sheet
poi-detail/detail-header/index,poi-detail/detail-header/business-hours-note
poi-detail/detail-header/index,core-elements/index
poi-detail/detail-header/index,react-contexts/index
poi-detail/detail-header/index,react-triple-client-interfaces/index
poi-detail/detail-header/index,type-definitions/index
poi-detail/detail-header/index,view-utilities/index
poi-detail/image-carousel/carousel-section,poi-detail/image-carousel/carousel
poi-detail/image-carousel/carousel-section,poi-detail/image-carousel/note
poi-detail/image-carousel/carousel-section,poi-detail/image-carousel/placeholder
poi-detail/image-carousel/carousel-section,core-elements/index
poi-detail/image-carousel/carousel,poi-detail/image-carousel/cta-overlay
poi-detail/image-carousel/carousel,image-carousel/index
poi-detail/image-carousel/carousel,core-elements/index
poi-detail/image-carousel/carousel,react-contexts/index
poi-detail/image-carousel/carousel,react-triple-client-interfaces/index
poi-detail/image-carousel/carousel,type-definitions/index
poi-detail/image-carousel/index,poi-detail/image-carousel/carousel-section
poi-detail/image-carousel/index,react-contexts/index
poi-detail/image-carousel/note,core-elements/index
poi-detail/image-carousel/placeholder,core-elements/index
poi-detail/index,poi-detail/actions
poi-detail/index,poi-detail/detail-header/index
poi-detail/index,poi-detail/image-carousel/index
poi-detail/index,poi-detail/recommended-articles/index
poi-detail/index,poi-detail/detail-header-v2/index
poi-detail/recommended-articles/api-client,poi-detail/recommended-articles/types
poi-detail/recommended-articles/api-client,fetcher/index
poi-detail/recommended-articles/article-entry,poi-detail/recommended-articles/types
poi-detail/recommended-articles/article-entry,core-elements/index
poi-detail/recommended-articles/article-entry,intersection-observer/index
poi-detail/recommended-articles/index,poi-detail/recommended-articles/recommended-articles
poi-detail/recommended-articles/more-button,core-elements/index
poi-detail/recommended-articles/recommended-articles,poi-detail/recommended-articles/api-client
poi-detail/recommended-articles/recommended-articles,poi-detail/recommended-articles/article-entry
poi-detail/recommended-articles/recommended-articles,poi-detail/recommended-articles/more-button
poi-detail/recommended-articles/recommended-articles,poi-detail/recommended-articles/types
poi-detail/recommended-articles/recommended-articles,core-elements/index
poi-detail/recommended-articles/recommended-articles,react-contexts/index
poi-detail/recommended-articles/recommended-articles,modals/index
poi-detail/recommended-articles/recommended-articles,app-installation-cta/index
poi-detail/recommended-articles/recommended-articles,type-definitions/index
poi-detail/recommended-articles/recommended-articles,carousel/index
poi-detail/recommended-articles/types,type-definitions/index
poi-list-elements/carousel-element,poi-list-elements/constants
poi-list-elements/carousel-element,poi-list-elements/types
poi-list-elements/carousel-element,core-elements/index
poi-list-elements/carousel-element,scrap-button/index
poi-list-elements/carousel-element,type-definitions/index
poi-list-elements/compact-poi-list-element,poi-list-elements/constants
poi-list-elements/compact-poi-list-element,poi-list-elements/types
poi-list-elements/compact-poi-list-element,core-elements/index
poi-list-elements/compact-poi-list-element,scrap-button/index
poi-list-elements/constants,poi-list-elements/types
poi-list-elements/extended-poi-list-element,poi-list-elements/constants
poi-list-elements/extended-poi-list-element,poi-list-elements/types
poi-list-elements/extended-poi-list-element,resource-list-element/index
poi-list-elements/extended-poi-list-element,react-contexts/index
poi-list-elements/index,poi-list-elements/carousel-element
poi-list-elements/index,poi-list-elements/compact-poi-list-element
poi-list-elements/index,poi-list-elements/extended-poi-list-element
poi-list-elements/index,poi-list-elements/poi-list-element
poi-list-elements/index,poi-list-elements/types
poi-list-elements/index,poi-list-elements/poi-card-element/index
poi-list-elements/poi-card-element/index,poi-list-elements/poi-card-element/poi-card-element
poi-list-elements/poi-card-element/poi-card-element,poi-list-elements/types
poi-list-elements/poi-card-element/poi-card-element,poi-list-elements/poi-card-element/direction-button
poi-list-elements/poi-card-element/poi-card-element,core-elements/index
poi-list-elements/poi-card-element/poi-card-element,type-definitions/index
poi-list-elements/poi-card-element/poi-card-element,resource-list-element/index
poi-list-elements/poi-card-element/poi-card-element,view-utilities/index
poi-list-elements/poi-card-element/poi-card-element,react-contexts/index
poi-list-elements/poi-card-element/poi-card-element,scrap-button/index
poi-list-elements/poi-list-element,poi-list-elements/compact-poi-list-element
poi-list-elements/poi-list-element,poi-list-elements/extended-poi-list-element
poi-list-elements/poi-list-element,poi-list-elements/types
poi-list-elements/types,type-definitions/index
popup/index,core-elements/index
pricing/fixed-pricing-v2/index,pricing/fixed-pricing-v2/purchase-button
pricing/fixed-pricing-v2/index,core-elements/index
pricing/fixed-pricing-v2/index,view-utilities/index
pricing/fixed-pricing-v2/purchase-button-loading-indicator,core-elements/index
pricing/fixed-pricing-v2/purchase-button,pricing/fixed-pricing-v2/purchase-button-loading-indicator
pricing/fixed-pricing-v2/purchase-button,core-elements/index
pricing/fixed-pricing,core-elements/index
pricing/fixed-pricing,view-utilities/index
pricing/index,pricing/fixed-pricing
pricing/index,pricing/fixed-pricing-v2/index
pricing/index,view-utilities/index
pricing/index,core-elements/index
pricing/index,type-definitions/index
public-header/categories,public-header/types
public-header/extra-action-item,public-header/constants
public-header/extra-action-item,color-palette/index
public-header/extra-action-seperator,public-header/constants
public-header/extra-action-seperator,color-palette/index
public-header/index,public-header/public-header
public-header/public-header-deeplink,public-header/extra-action-item
public-header/public-header-deeplink,public-header/extra-action-seperator
public-header/public-header-deeplink,public-header/use-deeplink-href
public-header/public-header-deeplink,react-contexts/index
public-header/public-header,public-header/categories
public-header/public-header,public-header/constants
public-header/public-header,public-header/extra-action-item
public-header/public-header,public-header/extra-actions-container
public-header/public-header,public-header/public-header-deeplink
public-header/public-header,public-header/types
public-header/public-header,public-header/use-auto-hide
public-header/public-header,color-palette/index
public-header/public-header,react-triple-client-interfaces/index
public-header/use-auto-hide,public-header/constants
public-header/use-deeplink-href,react-contexts/index
public-header/use-deeplink-href,view-utilities/index
react-contexts/device-context/context,react-contexts/device-context/device-state
react-contexts/device-context/device-state,view-utilities/index
react-contexts/device-context/index,react-contexts/device-context/context
react-contexts/device-context/index,react-contexts/device-context/device-state
react-contexts/event-tracking-context/event-metadata-context,react-contexts/event-tracking-context/event-tracking-context
react-contexts/event-tracking-context/event-metadata-context,react-contexts/event-tracking-context/types
react-contexts/event-tracking-context/event-metadata-context,react-contexts/session-context/index
react-contexts/event-tracking-context/event-tracking-context,react-contexts/event-tracking-context/types
react-contexts/event-tracking-context/event-tracking-context,react-contexts/session-context/index
react-contexts/event-tracking-context/index,react-contexts/event-tracking-context/event-metadata-context
react-contexts/event-tracking-context/index,react-contexts/event-tracking-context/event-tracking-context
react-contexts/event-tracking-context/index,react-contexts/event-tracking-context/types
react-contexts/event-tracking-context/index,react-contexts/event-tracking-context/with-event-tracking-provider
react-contexts/event-tracking-context/index,react-contexts/session-context/index
react-contexts/event-tracking-context/with-event-tracking-provider,react-contexts/event-tracking-context/event-tracking-context
react-contexts/event-tracking-context/with-event-tracking-provider,react-contexts/session-context/index
react-contexts/history-context/canonization,view-utilities/index
react-contexts/history-context/history-context,react-contexts/history-context/canonization
react-contexts/history-context/history-context,react-contexts/env-context/index
react-contexts/history-context/history-context,react-contexts/session-context/index
react-contexts/history-context/history-context,view-utilities/index
react-contexts/history-context/index,react-contexts/history-context/history-context
react-contexts/history-context/index,react-contexts/env-context/index
react-contexts/history-context/index,react-contexts/session-context/index
react-contexts/hooks,react-contexts/history-context/index
react-contexts/images-context/index,react-contexts/images-context/reducer
react-contexts/images-context/index,type-definitions/index
react-contexts/images-context/index,fetcher/index
react-contexts/images-context/reducer,type-definitions/index
react-contexts/index,react-contexts/hooks
react-contexts/index,react-contexts/utm-context
react-contexts/index,react-contexts/event-tracking-context/index
react-contexts/index,react-contexts/history-context/index
react-contexts/index,react-contexts/images-context/index
react-contexts/index,react-contexts/my-reviews-context/index
react-contexts/index,react-contexts/scraps-context/index
react-contexts/index,react-contexts/user-agent-context/index
react-contexts/index,react-contexts/device-context/index
react-contexts/index,react-contexts/session-context/index
react-contexts/index,react-contexts/env-context/index
react-contexts/my-reviews-context/api-client,fetcher/index
react-contexts/my-reviews-context/index,react-contexts/my-reviews-context/my-reviews-provider
react-contexts/my-reviews-context/index,react-contexts/my-reviews-context/use-my-reviews-context
react-contexts/my-reviews-context/index,react-contexts/my-reviews-context/with-my-reviews
react-contexts/my-reviews-context/my-reviews-context,react-contexts/my-reviews-context/types
react-contexts/my-reviews-context/my-reviews-provider,react-contexts/my-reviews-context/api-client
react-contexts/my-reviews-context/my-reviews-provider,react-contexts/my-reviews-context/my-reviews-context
react-contexts/my-reviews-context/my-reviews-provider,react-contexts/my-reviews-context/types
react-contexts/my-reviews-context/types,type-definitions/index
react-contexts/my-reviews-context/use-my-reviews-context,react-contexts/my-reviews-context/my-reviews-context
react-contexts/my-reviews-context/with-my-reviews,react-contexts/my-reviews-context/my-reviews-context
react-contexts/scraps-context/api-client,react-contexts/scraps-context/types
react-contexts/scraps-context/api-client,fetcher/index
react-contexts/scraps-context/index,react-contexts/scraps-context/scraps-context
react-contexts/scraps-context/scraps-context,react-contexts/scraps-context/api-client
react-contexts/scraps-context/scraps-context,react-contexts/scraps-context/types
react-contexts/scraps-context/scraps-context,react-contexts/scraps-context/use-reducer
react-contexts/session-context/app,react-contexts/session-context/context
react-contexts/session-context/app,react-contexts/session-context/user
react-contexts/session-context/app,react-contexts/env-context/index
react-contexts/session-context/app,fetcher/index
react-contexts/session-context/app,view-utilities/index
react-contexts/session-context/browser,react-contexts/session-context/context
react-contexts/session-context/browser,react-contexts/session-context/user
react-contexts/session-context/browser,fetcher/index
react-contexts/session-context/browser,view-utilities/index
react-contexts/session-context/hooks,react-contexts/session-context/context
react-contexts/session-context/index,react-contexts/session-context/hooks
react-contexts/session-context/index,react-contexts/session-context/invalid-session-id-remover
react-contexts/session-context/index,react-contexts/session-context/provider
react-contexts/session-context/index,react-contexts/session-context/session-availability
react-contexts/session-context/index,react-contexts/session-context/user
react-contexts/session-context/index,react-contexts/user-agent-context/index
react-contexts/session-context/index,react-contexts/env-context/index
react-contexts/session-context/index,react-contexts/index
react-contexts/session-context/invalid-session-id-remover,react-contexts/session-context/app
react-contexts/session-context/invalid-session-id-remover,react-contexts/user-agent-context/index
react-contexts/session-context/invalid-session-id-remover,react-contexts/env-context/index
react-contexts/session-context/invalid-session-id-remover,view-utilities/index
react-contexts/session-context/provider,react-contexts/session-context/app
react-contexts/session-context/provider,react-contexts/session-context/browser
react-contexts/session-context/provider,react-contexts/user-agent-context/index
react-contexts/session-context/provider,react-contexts/env-context/index
react-contexts/session-context/session-availability,react-contexts/session-context/app
react-contexts/session-context/session-availability,react-contexts/session-context/browser
react-contexts/session-context/session-availability,react-contexts/index
react-contexts/session-context/session-availability,react-contexts/env-context/index
react-contexts/user-agent-context/context,react-contexts/user-agent-context/utils
react-contexts/user-agent-context/index,react-contexts/user-agent-context/context
react-contexts/user-agent-context/index,react-contexts/user-agent-context/utils
react-hooks/index,react-hooks/use-body-scroll-lock
react-hooks/index,react-hooks/use-debounce
react-hooks/index,react-hooks/use-error-handler
react-hooks/index,react-hooks/use-fetch
react-hooks/index,react-hooks/use-interval
react-hooks/index,react-hooks/use-lottie
react-hooks/index,react-hooks/use-scroll-to-anchor
react-hooks/index,react-hooks/use-scroll-to-element
react-hooks/index,react-hooks/use-visibility-change
react-hooks/use-fetch,fetcher/index
react-triple-client-interfaces/app-bridge/app-specific-link-options,view-utilities/index
react-triple-client-interfaces/app-bridge/index,react-triple-client-interfaces/app-bridge/app-specific-link-options
react-triple-client-interfaces/app-bridge/index,react-triple-client-interfaces/app-bridge/use-triple-client-navigate
react-triple-client-interfaces/app-bridge/use-triple-client-navigate,react-triple-client-interfaces/app-bridge/app-specific-link-options
react-triple-client-interfaces/app-bridge/use-triple-client-navigate,react-contexts/index
react-triple-client-interfaces/app-bridge/use-triple-client-navigate,view-utilities/index
react-triple-client-interfaces/index,react-triple-client-interfaces/triple-client-metadata-context
react-triple-client-interfaces/index,react-triple-client-interfaces/triple-client-user-agent
react-triple-client-interfaces/index,react-triple-client-interfaces/types
react-triple-client-interfaces/index,react-triple-client-interfaces/use-triple-client-actions
react-triple-client-interfaces/index,react-triple-client-interfaces/use-triple-client-feature-flag
react-triple-client-interfaces/index,react-triple-client-interfaces/app-bridge/index
react-triple-client-interfaces/triple-client-metadata-context,react-triple-client-interfaces/triple-client-user-agent
react-triple-client-interfaces/triple-client-metadata-context,react-triple-client-interfaces/types
react-triple-client-interfaces/triple-client-user-agent,react-triple-client-interfaces/types
react-triple-client-interfaces/use-triple-client-actions,react-triple-client-interfaces/triple-client-metadata-context
react-triple-client-interfaces/use-triple-client-feature-flag,react-triple-client-interfaces/triple-client-metadata-context
react-triple-client-interfaces/use-triple-client-feature-flag,react-triple-client-interfaces/types
recommended-contents/index,core-elements/index
recommended-contents/index,intersection-observer/index
replies/guide-text,replies/context
replies/guide-text,core-elements/index
replies/guide-text,react-contexts/index
replies/index,replies/replies
replies/index,replies/types
replies/index,replies/list/index
replies/list/index,replies/context
replies/list/index,replies/replies-api-client
replies/list/index,replies/types
replies/list/index,replies/list/not-exist-replies
replies/list/index,replies/list/reply
replies/list/index,core-elements/index
replies/list/index,modals/index
replies/list/index,react-contexts/index
replies/list/index,react-triple-client-interfaces/index
replies/list/not-exist-replies,core-elements/index
replies/list/reply,replies/context
replies/list/reply,replies/replies-api-client
replies/list/reply,replies/types
replies/list/reply,core-elements/index
replies/list/reply,view-utilities/index
replies/list/reply,ui-flow/index
replies/list/reply,modals/index
replies/list/reply,router/index
replies/list/reply,react-contexts/index
replies/list/reply,action-sheet/index
replies/register,replies/auto-resizing-textarea
replies/register,replies/context
replies/register,replies/replies-api-client
replies/register,replies/types
replies/register,core-elements/index
replies/register,modals/index
replies/register,react-contexts/index
replies/register,ui-flow/index
replies/replies-api-client,replies/types
replies/replies-api-client,fetcher/index
replies/replies-api-client,view-utilities/index
replies/replies,replies/auto-resizing-textarea
replies/replies,replies/context
replies/replies,replies/guide-text
replies/replies,replies/register
replies/replies,replies/replies-api-client
replies/replies,replies/reply-tree-manipulators
replies/replies,replies/types
replies/replies,replies/list/index
replies/replies,core-elements/index
replies/reply-tree-manipulators,replies/types
replies/reply-tree-manipulators,replies/utils
replies/utils,replies/types
resource-list-element/extended-resource-list-element,resource-list-element/review-scrap-stat
resource-list-element/extended-resource-list-element,scrap-button/index
resource-list-element/extended-resource-list-element,core-elements/index
resource-list-element/extended-resource-list-element,type-definitions/index
resource-list-element/index,resource-list-element/extended-resource-list-element
resource-list-element/index,resource-list-element/review-scrap-stat
resource-list-element/index,resource-list-element/stats
resource-list-element/review-scrap-stat,resource-list-element/stats
resource-list-element/review-scrap-stat,core-elements/index
resource-list-element/review-scrap-stat,view-utilities/index
resource-list-element/stats,core-elements/index
review/index,review/review-api-clients
review/index,review/review-container
review/index,review/review-likes-context
review/index,review/review-placeholder-with-rating
review/index,review/review-element/index
review/my-review-action-sheet,review/review-api-clients
review/my-review-action-sheet,review/types
review/my-review-action-sheet,action-sheet/index
review/my-review-action-sheet,modals/index
review/my-review-action-sheet,react-contexts/index
review/others-review-action-sheet,review/types
review/others-review-action-sheet,action-sheet/index
review/others-review-action-sheet,react-contexts/index
review/review-api-clients,review/types
review/review-api-clients,fetcher/index
review/review-container,review/my-review-action-sheet
review/review-container,review/review-api-clients
review/review-container,review/review-placeholder-with-rating
review/review-container,review/reviews-list
review/review-container,review/sorting-options
review/review-container,review/types
review/review-container,review/use-client-actions
review/review-container,review/use-paging
review/review-container,review/review-element/index
review/review-container,core-elements/index
review/review-container,view-utilities/index
review/review-container,react-contexts/index
review/review-container,react-triple-client-interfaces/index
review/review-container,modals/index
review/review-container,ui-flow/index
review/review-element/comment,core-elements/index
review/review-element/foldable-comment,review/review-element/comment
review/review-element/foldable-comment,view-utilities/index
review/review-element/images/elements,core-elements/index
review/review-element/images/index,review/review-element/images/multiple-images
review/review-element/images/index,review/review-element/images/penta-images
review/review-element/images/index,review/review-element/images/single-image
review/review-element/images/index,type-definitions/index
review/review-element/images/multiple-images,review/review-element/images/elements
review/review-element/images/multiple-images,core-elements/index
review/review-element/images/multiple-images,type-definitions/index
review/review-element/images/penta-images,review/review-element/images/elements
review/review-element/images/penta-images,core-elements/index
review/review-element/images/penta-images,type-definitions/index
review/review-element/images/single-image,review/review-element/images/elements
review/review-element/images/single-image,core-elements/index
review/review-element/images/single-image,type-definitions/index
review/review-element/index,review/review-api-clients
review/review-element/index,review/review-likes-context
review/review-element/index,review/types
review/review-element/index,review/review-element/comment
review/review-element/index,review/review-element/foldable-comment
review/review-element/index,review/review-element/user
review/review-element/index,review/review-element/images/index
review/review-element/index,intersection-observer/index
review/review-element/index,core-elements/index
review/review-element/index,react-contexts/index
review/review-element/index,ui-flow/index
review/review-element/user,review/types
review/review-element/user,core-elements/index
review/review-placeholder-with-rating,review/types
review/review-placeholder-with-rating,core-elements/index
review/reviews-list,review/my-review-action-sheet
review/reviews-list,review/others-review-action-sheet
review/reviews-list,review/types
review/reviews-list,review/use-client-actions
review/reviews-list,review/review-element/index
review/reviews-list,core-elements/index
review/reviews-list,react-contexts/index
review/reviews-list,react-triple-client-interfaces/index
review/reviews-list,modals/index
review/reviews-list,ui-flow/index
review/reviews-list,view-utilities/index
review/sorting-options,core-elements/index
review/types,type-definitions/index
review/use-client-actions,review/review-api-clients
review/use-client-actions,review/types
review/use-client-actions,react-contexts/index
review/use-client-actions,router/index
review/use-paging,review/types
review/use-paging,react-hooks/index
review/use-paging,view-utilities/index
router/common/add-web-url-base,react-contexts/index
router/common/add-web-url-base,view-utilities/index
router/common/default-router,router/common/target
router/common/default-router,router/common/types
router/common/disabled-link-notifier,modals/index
router/common/disabled-link-notifier,react-contexts/index
router/common/disabled-link-notifier,react-triple-client-interfaces/index
router/common/router-guarded-link,router/common/disabled-link-notifier
router/common/router-guarded-link,router/common/use-rel
router/common/types,router/common/disabled-link-notifier
router/common/types,router/common/target
router/common/types,router/common/use-rel
router/common/types,react-triple-client-interfaces/index
router/external/hook,router/common/default-router
router/external/hook,router/common/disabled-link-notifier
router/external/hook,router/common/target
router/external/hook,router/common/types
router/external/hook,router/external/href-handler
router/external/hook,react-triple-client-interfaces/index
router/external/href-handler,router/common/add-web-url-base
router/external/href-handler,router/common/target
router/external/href-handler,router/common/types
router/external/href-handler,router/external/utils
router/external/href-handler,react-triple-client-interfaces/index
router/external/index,router/external/hook
router/external/index,router/external/link
router/external/link,router/common/router-guarded-link
router/external/link,router/common/target
router/external/link,router/common/types
router/external/link,router/external/href-handler
router/external/link,router/external/utils
router/external/link,react-triple-client-interfaces/index
router/external/utils,view-utilities/index
router/href-to-props/index,router/href-to-props/use-href-to-props
router/href-to-props/use-href-to-props,router/common/disabled-link-notifier
router/href-to-props/use-href-to-props,router/common/target
router/href-to-props/use-href-to-props,react-contexts/index
router/href-to-props/use-href-to-props,view-utilities/index
router/href-to-props/use-href-to-props,react-triple-client-interfaces/index
router/index,router/local/index
router/index,router/external/index
router/index,router/navigate/index
router/index,router/href-to-props/index
router/local/base-path,view-utilities/index
router/local/hook,router/common/default-router
router/local/hook,router/common/disabled-link-notifier
router/local/hook,router/common/target
router/local/hook,router/common/types
router/local/hook,router/local/base-path
router/local/hook,router/local/href-handler
router/local/hook,react-triple-client-interfaces/index
router/local/href-handler,router/common/add-web-url-base
router/local/href-handler,router/common/target
router/local/href-handler,router/common/types
router/local/href-handler,router/local/base-path
router/local/href-handler,react-triple-client-interfaces/index
router/local/index,router/local/hook
router/local/index,router/local/link
router/local/link,router/common/router-guarded-link
router/local/link,router/common/target
router/local/link,router/common/types
router/local/link,router/local/base-path
router/local/link,router/local/href-handler
router/navigate/canonization,view-utilities/index
router/navigate/index,router/navigate/canonization
router/navigate/index,modals/index
router/navigate/index,view-utilities/index
router/navigate/index,react-contexts/index
router/navigate/index,react-triple-client-interfaces/index
scrap-button/index,scrap-button/scrap-button-mask
scrap-button/index,scrap-button/scrap-button
scrap-button/scrap-button,scrap-button/scrap-button-mask
scrap-button/scrap-button,react-contexts/index
scroll-spy/index,intersection-observer/index
scroll-spy/index,react-hooks/index
scroll-to-element/index,scroll-to-element/scroll-to-element
scroll-to-element/scroll-to-element,scroll-to-element/scroll-position-calculators
scroll-to-element/scroll-to-element,scroll-to-element/scroll
scroll-to-element/scroll-to-element,scroll-to-element/types
scroll-to-element/scroll,scroll-to-element/scroll-position-calculators
scroll-to-element/scroll,scroll-to-element/types
search/index,core-elements/index
search/index,react-contexts/index
search/index,react-hooks/index
slider/index,slider/range-slider
slider/index,slider/single-slider
slider/range-slider,slider/slider-base
slider/range-slider,slider/track
slider/range-slider,slider/types
slider/single-slider,slider/slider-base
slider/single-slider,slider/track
slider/slider-base,slider/handle
slider/slider-base,slider/types
slider/slider-base,view-utilities/index
slider/slider-base,core-elements/index
social-reviews/external-links,core-elements/index
social-reviews/index,social-reviews/external-links
social-reviews/index,social-reviews/social-review
social-reviews/social-review,social-reviews/external-links
social-reviews/social-review,core-elements/index
social-reviews/social-review,react-contexts/index
social-reviews/social-review,i18n/index
social-reviews/social-review,router/index
standard-action-handler/copy-to-clipboard,standard-action-handler/services/copy
standard-action-handler/copy-to-clipboard,view-utilities/index
standard-action-handler/fetch-api,view-utilities/index
standard-action-handler/handler,standard-action-handler/types
standard-action-handler/handler,view-utilities/index
standard-action-handler/hook,standard-action-handler/index
standard-action-handler/hook,router/index
standard-action-handler/image-download,view-utilities/index
standard-action-handler/index,standard-action-handler/copy-to-clipboard
standard-action-handler/index,standard-action-handler/fetch-api
standard-action-handler/index,standard-action-handler/handler
standard-action-handler/index,standard-action-handler/image-download
standard-action-handler/index,standard-action-handler/invoke-cta
standard-action-handler/index,standard-action-handler/new-window
standard-action-handler/index,standard-action-handler/serial
standard-action-handler/index,standard-action-handler/share
standard-action-handler/index,standard-action-handler/show-toast
standard-action-handler/index,standard-action-handler/types
standard-action-handler/invoke-cta,standard-action-handler/types
standard-action-handler/invoke-cta,view-utilities/index
standard-action-handler/new-window,standard-action-handler/types
standard-action-handler/new-window,view-utilities/url/index
standard-action-handler/new-window,view-utilities/index
standard-action-handler/serial,standard-action-handler/types
standard-action-handler/serial,view-utilities/index
standard-action-handler/services/share,standard-action-handler/services/copy
standard-action-handler/share,standard-action-handler/services/share
standard-action-handler/share,view-utilities/index
standard-action-handler/show-toast,view-utilities/index
standard-action-handler/types,view-utilities/index
static-map/index,core-elements/index
static-map/index,type-definitions/index
static-page-contents/index,color-palette/index
style-box/atom/box-sizing,style-box/types
style-box/atom/clear,style-box/types
style-box/atom/display,style-box/types
style-box/atom/float,style-box/types
style-box/atom/height,style-box/types
style-box/atom/index,style-box/atom/box-sizing
style-box/atom/index,style-box/atom/clear
style-box/atom/index,style-box/atom/display
style-box/atom/index,style-box/atom/float
style-box/atom/index,style-box/atom/height
style-box/atom/index,style-box/atom/margin
style-box/atom/index,style-box/atom/overflow
style-box/atom/index,style-box/atom/padding
style-box/atom/index,style-box/atom/position
style-box/atom/index,style-box/atom/text-align
style-box/atom/index,style-box/atom/user-select
style-box/atom/index,style-box/atom/white-space
style-box/atom/index,style-box/atom/width
style-box/atom/margin,style-box/types
style-box/atom/overflow,style-box/types
style-box/atom/padding,style-box/types
style-box/atom/position,style-box/types
style-box/atom/position,style-box/utils
style-box/atom/text-align,style-box/types
style-box/atom/user-select,style-box/types
style-box/atom/white-space,style-box/types
style-box/atom/width,style-box/types
style-box/index,style-box/types
style-box/index,style-box/atom/index
style-box/index,style-box/molecular/index
style-box/molecular/border-radius,style-box/types
style-box/molecular/centered,style-box/types
style-box/molecular/clearing,style-box/types
style-box/molecular/ellipsis,style-box/types
style-box/molecular/horizontal-scroll,style-box/types
style-box/molecular/index,style-box/molecular/border-radius
style-box/molecular/index,style-box/molecular/centered
style-box/molecular/index,style-box/molecular/clearing
style-box/molecular/index,style-box/molecular/ellipsis
style-box/molecular/index,style-box/molecular/horizontal-scroll
triple-document/elements/coupon/coupon-download-buttons,triple-document/types
triple-document/elements/coupon/coupon-download-buttons,triple-document/elements/coupon/modals
triple-document/elements/coupon/coupon-download-buttons,core-elements/index
triple-document/elements/coupon/coupon-download-buttons,react-contexts/index
triple-document/elements/coupon/coupon-download-buttons,user-verification/index
triple-document/elements/coupon/coupon-download-buttons,fetcher/index
triple-document/elements/coupon/coupon-download-buttons,react-hooks/index
triple-document/elements/coupon/index,triple-document/prop-context/deep-link
triple-document/elements/coupon/index,triple-document/elements/coupon/coupon-download-buttons
triple-document/elements/coupon/index,triple-document/elements/coupon/modals
triple-document/elements/coupon/index,core-elements/index
triple-document/elements/coupon/index,react-contexts/index
triple-document/elements/coupon/index,user-verification/index
triple-document/elements/coupon/modals,core-elements/index
triple-document/elements/coupon/modals,modals/index
triple-document/elements/coupon/modals,react-contexts/index
triple-document/elements/coupon/modals,router/index
triple-document/elements/embedded,triple-document/prop-context/image-click-handler
triple-document/elements/embedded,triple-document/prop-context/image-source
triple-document/elements/embedded,triple-document/prop-context/link-click-handler
triple-document/elements/embedded,triple-document/prop-context/media-config
triple-document/elements/embedded,triple-document/types
triple-document/elements/embedded,triple-document/elements/links
triple-document/elements/embedded,triple-document/elements/shared/document-carousel
triple-document/elements/embedded,triple-document/elements/shared/generate-click-handler
triple-document/elements/embedded,triple-document/elements/text/index
triple-document/elements/embedded,core-elements/index
triple-document/elements/embedded,triple-media/index
triple-document/elements/embedded,type-definitions/index
triple-document/elements/external-video,core-elements/index
triple-document/elements/images,triple-document/prop-context/image-click-handler
triple-document/elements/images,triple-document/prop-context/image-source
triple-document/elements/images,triple-document/prop-context/link-click-handler
triple-document/elements/images,triple-document/prop-context/media-config
triple-document/elements/images,triple-document/elements/shared/document-carousel
triple-document/elements/images,triple-document/elements/shared/generate-click-handler
triple-document/elements/images,core-elements/index
triple-document/elements/images,triple-media/index
triple-document/elements/images,type-definitions/index
triple-document/elements/index,triple-document/types
triple-document/elements/index,triple-document/elements/anchor
triple-document/elements/index,triple-document/elements/embedded
triple-document/elements/index,triple-document/elements/external-video
triple-document/elements/index,triple-document/elements/images
triple-document/elements/index,triple-document/elements/itinerary
triple-document/elements/index,triple-document/elements/links
triple-document/elements/index,triple-document/elements/list
triple-document/elements/index,triple-document/elements/note
triple-document/elements/index,triple-document/elements/pois
triple-document/elements/index,triple-document/elements/regions
triple-document/elements/index,triple-document/elements/table
triple-document/elements/index,triple-document/elements/coupon/index
triple-document/elements/index,triple-document/elements/text/index
triple-document/elements/index,triple-document/elements/tna/index
triple-document/elements/index,core-elements/index
triple-document/elements/itinerary,triple-document/elements/itinerary/badge
triple-document/elements/itinerary,triple-document/elements/itinerary/icons
triple-document/elements/itinerary,triple-document/elements/itinerary/itinerary-map
triple-document/elements/itinerary,triple-document/elements/itinerary/tag-label
triple-document/elements/itinerary,triple-document/elements/itinerary/use-computed-itineraries
triple-document/elements/itinerary,triple-document/elements/itinerary/use-handle-add-pois-to-trip
triple-document/elements/itinerary,core-elements/index
triple-document/elements/itinerary,color-palette/index
triple-document/elements/itinerary,router/index
triple-document/elements/itinerary/badge,triple-document/elements/itinerary/with-type-circle-badge
triple-document/elements/itinerary/badge,color-palette/index
triple-document/elements/itinerary/itinerary-map,triple-document/elements/itinerary/use-computed-map
triple-document/elements/itinerary/itinerary-map,core-elements/index
triple-document/elements/itinerary/itinerary-map,map/index
triple-document/elements/itinerary/itinerary-map,react-contexts/index
triple-document/elements/itinerary/tag-label,color-palette/index
triple-document/elements/itinerary/use-computed-itineraries,triple-document/elements/itinerary/use-safety-poi
triple-document/elements/itinerary/use-computed-map,type-definitions/index
triple-document/elements/itinerary/use-handle-add-pois-to-trip,modals/index
triple-document/elements/itinerary/use-handle-add-pois-to-trip,view-utilities/index
triple-document/elements/itinerary/use-handle-add-pois-to-trip,react-contexts/index
triple-document/elements/itinerary/use-handle-add-pois-to-trip,ui-flow/index
triple-document/elements/itinerary/use-handle-add-pois-to-trip,router/index
triple-document/elements/itinerary/use-safety-poi,type-definitions/index
triple-document/elements/itinerary/with-type-circle-badge,triple-document/elements/itinerary/badge
triple-document/elements/itinerary/with-type-circle-badge,color-palette/index
triple-document/elements/links,triple-document/prop-context/link-click-handler
triple-document/elements/links,triple-document/types
triple-document/elements/links,triple-document/elements/shared/resource-list
triple-document/elements/links,core-elements/index
triple-document/elements/links,type-definitions/index
triple-document/elements/list,triple-document/types
triple-document/elements/list,triple-document/elements/links
triple-document/elements/list,triple-document/elements/text/index
triple-document/elements/list,core-elements/index
triple-document/elements/note,core-elements/index
triple-document/elements/pois,triple-document/prop-context/resource-click-handler
triple-document/elements/pois,triple-document/elements/shared/document-carousel
triple-document/elements/pois,triple-document/elements/shared/resource-list
triple-document/elements/pois,poi-list-elements/index
triple-document/elements/pois,core-elements/index
triple-document/elements/regions,triple-document/prop-context/resource-click-handler
triple-document/elements/regions,triple-document/types
triple-document/elements/regions,triple-document/elements/shared/resource-list
triple-document/elements/regions,core-elements/index
triple-document/elements/shared/document-carousel,core-elements/index
triple-document/elements/shared/generate-click-handler,triple-document/types
triple-document/elements/shared/resource-list,core-elements/index
triple-document/elements/table,core-elements/index
triple-document/elements/text/headings,core-elements/index
triple-document/elements/text/index,triple-document/elements/text/headings
triple-document/elements/text/index,triple-document/elements/text/plain
triple-document/elements/text/plain,triple-document/prop-context/link-click-handler
triple-document/elements/text/plain,core-elements/index
triple-document/elements/tna/helpers,triple-document/elements/tna/types
triple-document/elements/tna/helpers,view-utilities/index
triple-document/elements/tna/index,triple-document/elements/tna/slot
triple-document/elements/tna/index,triple-document/elements/tna/types
triple-document/elements/tna/index,core-elements/index
triple-document/elements/tna/index,fetcher/index
triple-document/elements/tna/price-policy-coupon-info,core-elements/index
triple-document/elements/tna/product,triple-document/elements/tna/helpers
triple-document/elements/tna/product,triple-document/elements/tna/price-policy-coupon-info
triple-document/elements/tna/product,triple-document/elements/tna/types
triple-document/elements/tna/product,core-elements/index
triple-document/elements/tna/product,view-utilities/index
triple-document/elements/tna/product,intersection-observer/index
triple-document/elements/tna/product,scrap-button/index
triple-document/elements/tna/product,react-contexts/index
triple-document/elements/tna/slot,triple-document/elements/tna/product
triple-document/elements/tna/slot,triple-document/elements/tna/types
triple-document/elements/tna/slot,core-elements/index
triple-document/elements/tna/slot,react-contexts/index
triple-document/elements/tna/slot,color-palette/index
triple-document/elements/tna/slot,router/index
triple-document/elements/tna/types,core-elements/index
triple-document/index,triple-document/elements/tna/helpers
triple-document/index,triple-document/elements/tna/price-policy-coupon-info
triple-document/index,triple-document/elements/tna/slot
triple-document/index,triple-document/prop-context/deep-link
triple-document/index,triple-document/prop-context/image-click-handler
triple-document/index,triple-document/prop-context/image-source
triple-document/index,triple-document/prop-context/link-click-handler
triple-document/index,triple-document/prop-context/media-config
triple-document/index,triple-document/prop-context/resource-click-handler
triple-document/index,triple-document/triple-document
triple-document/index,triple-document/types
triple-document/index,triple-document/use-resource-event-tracker
triple-document/index,triple-document/elements/index
triple-document/index,triple-document/elements/text/index
triple-document/prop-context/image-click-handler,triple-document/types
triple-document/prop-context/image-source,core-elements/index
triple-document/prop-context/link-click-handler,triple-document/types
triple-document/triple-document,triple-document/prop-context/deep-link
triple-document/triple-document,triple-document/prop-context/image-click-handler
triple-document/triple-document,triple-document/prop-context/image-source
triple-document/triple-document,triple-document/prop-context/link-click-handler
triple-document/triple-document,triple-document/prop-context/media-config
triple-document/triple-document,triple-document/prop-context/resource-click-handler
triple-document/triple-document,triple-document/types
triple-document/triple-document,triple-document/use-resource-event-tracker
triple-document/triple-document,triple-document/elements/index
triple-document/triple-document,react-contexts/index
triple-document/triple-document,standard-action-handler/index
triple-document/triple-document,router/index
triple-document/triple-document,standard-action-handler/types/index
triple-document/types,triple-document/elements/tna/types
triple-document/types,triple-document/prop-context/media-config
triple-document/types,triple-document/prop-context/resource-click-handler
triple-document/types,type-definitions/index
triple-document/types,core-elements/index
triple-document/use-resource-event-tracker,react-contexts/index
triple-email-document/common/box,core-elements/index
triple-email-document/common/index,triple-email-document/common/box
triple-email-document/common/index,triple-email-document/common/fluid-table
triple-email-document/common/index,triple-email-document/common/handlebars-anchor
triple-email-document/common/index,triple-email-document/common/reset
triple-email-document/components/index,triple-email-document/components/footer
triple-email-document/components/index,triple-email-document/components/preview
triple-email-document/components/index,triple-email-document/common/index
triple-email-document/components/preview,triple-email-document/common/index
triple-email-document/elements/dividers,triple-email-document/common/index
triple-email-document/elements/embedded,triple-email-document/elements/images
triple-email-document/elements/embedded,triple-email-document/elements/link
triple-email-document/elements/embedded,triple-email-document/elements/text
triple-email-document/elements/embedded,triple-email-document/common/index
triple-email-document/elements/embedded,core-elements/index
triple-email-document/elements/heading,triple-email-document/common/index
triple-email-document/elements/index,triple-email-document/elements/dividers
triple-email-document/elements/index,triple-email-document/elements/embedded
triple-email-document/elements/index,triple-email-document/elements/heading
triple-email-document/elements/index,triple-email-document/elements/images
triple-email-document/elements/index,triple-email-document/elements/link
triple-email-document/elements/index,triple-email-document/elements/note
triple-email-document/elements/index,triple-email-document/elements/text
triple-email-document/elements/index,triple-email-document/common/index
triple-email-document/elements/note,triple-email-document/common/index
triple-email-document/elements/text,triple-email-document/common/index
triple-email-document/full-email-template,triple-email-document/triple-email-document
triple-email-document/full-email-template,triple-email-document/common/index
triple-email-document/full-email-template,triple-email-document/components/index
triple-email-document/full-email-template,triple-email-document/elements/index
triple-email-document/index,triple-email-document/elements/images
triple-email-document/index,triple-email-document/full-email-template
triple-email-document/index,triple-email-document/triple-email-document
triple-email-document/index,triple-email-document/elements/index
triple-email-document/index,triple-email-document/components/index
triple-email-document/index,triple-email-document/common/index
triple-email-document/triple-email-document,triple-email-document/elements/index
triple-email-document/triple-email-document,triple-email-document/common/index
triple-media/index,core-elements/index
triple-media/index,type-definitions/index
type-definitions/index,type-definitions/geojson
type-definitions/index,type-definitions/image
type-definitions/index,type-definitions/inventory-item
type-definitions/index,type-definitions/listing-poi
type-definitions/index,type-definitions/translated-property
type-definitions/listing-poi,type-definitions/geojson
type-definitions/listing-poi,type-definitions/image
type-definitions/listing-poi,type-definitions/translated-property
ui-flow/auth-guard/index,fetcher/index
ui-flow/auth-guard/index,react-triple-client-interfaces/index
ui-flow/auth-guard/index,view-utilities/index
ui-flow/guarded-scraps-provider,react-contexts/index
ui-flow/guarded-scraps-provider,react-triple-client-interfaces/index
ui-flow/guarded-scraps-provider,modals/index
ui-flow/index,ui-flow/guarded-scraps-provider
ui-flow/index,ui-flow/use-app-callback
ui-flow/index,ui-flow/use-session-callback
ui-flow/index,ui-flow/auth-guard/index
ui-flow/use-app-callback,modals/index
ui-flow/use-app-callback,react-triple-client-interfaces/index
ui-flow/use-session-callback,modals/index
ui-flow/use-session-callback,react-contexts/index
user-verification/confirmation-services,fetcher/index
user-verification/index,user-verification/types
user-verification/index,user-verification/use-user-verification
user-verification/index,user-verification/verification-request
user-verification/index,user-verification/verified-message
user-verification/use-user-verification,user-verification/confirmation-services
user-verification/use-user-verification,user-verification/verified-message
user-verification/use-user-verification,react-hooks/index
user-verification/use-user-verification,router/index
user-verification/verification-request,user-verification/use-user-verification
user-verification/verification-request,modals/index
user-verification/verification-request,core-elements/index
user-verification/verified-message,react-contexts/index
user-verification/verified-message,react-triple-client-interfaces/index
view-utilities/convert-price,view-utilities/format-number
view-utilities/generate-deep-link/index,view-utilities/generate-deep-link/make-deep-link-generator
view-utilities/generate-deep-link/index,view-utilities/generate-deep-link/param-injectors
view-utilities/generate-deep-link/make-deep-link-generator,view-utilities/url
view-utilities/index,view-utilities/convert-price
view-utilities/index,view-utilities/debounce
view-utilities/index,view-utilities/derive-current-state-and-count
view-utilities/index,view-utilities/find-folded-position
view-utilities/index,view-utilities/format-number
view-utilities/index,view-utilities/generate-share-image-url
view-utilities/index,view-utilities/measure-distance
view-utilities/index,view-utilities/timestamp
view-utilities/index,view-utilities/url
view-utilities/index,view-utilities/generate-deep-link/index
view-utilities/index,view-utilities/routelist/index
view-utilities/index,view-utilities/strict-query/index
view-utilities/index,view-utilities/normalize-query-keys/index
view-utilities/measure-distance,type-definitions/index
view-utilities/routelist/index,view-utilities/routelist/routelist
view-utilities/routelist/routelist,view-utilities/url
web-storage/boundary,web-storage/error
web-storage/boundary,modals/index
web-storage/error,web-storage/types
web-storage/index,web-storage/boundary
web-storage/index,web-storage/storage
web-storage/storage,web-storage/error
web-storage/storage,web-storage/types
web-storage/storage,web-storage/utils
web-storage/utils,web-storage/types